CARD, EVALUE
Woodcutter, 0.5833333333333334
Gardens, 0.0
Festival, 1.1666666666666667
Moneylender, 0.0
Smithy, 5.833333333333333
Village, 0.0
Market, 0.0
Laboratory, 0.5833333333333334
Bureaucrat, 11.666666666666666
Remodel, 0.0
Thief, 0.0