CARD, EVALUE
Woodcutter, 0.6923076923076923
Festival, 0.0
Moneylender, 0.0
Smithy, 0.0
Village, 0.0
Market, 0.0
Laboratory, 0.0
Witch, 8.391608391608392
Bureaucrat, 9.440559440559438
Remodel, 0.0
Thief, 2.0769230769230766