CARD, EVALUE
Woodcutter, 3.1238615664845173
Gardens, 1.1475409836065573
Festival, 4.143897996357013
Moneylender, 1.1475409836065573
Smithy, 0.0
Village, 0.6375227686703097
Market, 0.0
Laboratory, 1.1475409836065573
Witch, 3.825136612021858
Bureaucrat, 7.522768670309653
Thief, 1.721311475409836