CARD, EVALUE
Woodcutter, 0.0
Gardens, 0.0
Festival, 0.6617647058823529
Moneylender, 0.0
Smithy, 3.1512605042016806
Village, 0.0
Market, 0.0
Laboratory, 0.6617647058823529
Witch, 12.605042016806722
Bureaucrat, 0.0
Remodel, 0.6617647058823529