CARD, EVALUE
Woodcutter, 0.6266666666666667
Gardens, 0.0
Festival, 0.0
Moneylender, 0.0
Smithy, 0.0
Village, 0.0
Market, 0.0
Laboratory, 0.0
Witch, 8.173913043478262
Bureaucrat, 10.898550724637682
Thief, 1.2533333333333334