CARD, EVALUE
Woodcutter, 0.5673076923076923
Gardens, 0.0
Festival, 1.7019230769230769
Smithy, 0.0
Village, 0.0
Market, 0.0
Laboratory, 0.0
Witch, 6.0782967032967035
Bureaucrat, 8.104395604395604
Remodel, 0.0
Thief, 1.7019230769230769