CARD, EVALUE
Woodcutter, 0.6575342465753424
Gardens, 0.0
Festival, 3.287671232876712
Moneylender, 0.0
Smithy, 0.0
Village, 0.0
Laboratory, 0.0
Witch, 9.393346379647749
Bureaucrat, 12.524461839530332
Remodel, 0.0
Thief, 0.6575342465753424