CARD, EVALUE
Woodcutter, 0.5714285714285714
Gardens, 0.0
Festival, 4.0
Moneylender, 0.0
Smithy, 0.0
Village, 0.0
Market, 0.0
Witch, 4.968944099378882
Bureaucrat, 7.453416149068323
Remodel, 0.0
Thief, 1.1428571428571428