CARD, EVALUE
Woodcutter, 0.6022727272727273
Gardens, 0.0
Festival, 1.8068181818181819
Moneylender, 0.0
Village, 0.0
Market, 0.0
Laboratory, 0.0
Witch, 4.818181818181818
Bureaucrat, 9.636363636363637
Remodel, 0.0
Thief, 1.8068181818181819