CARD, EVALUE
Bureaucrat, 10.240680335507923
Festival, 0.0
Gardens, 3.5689655172413794
Laboratory, 0.0
Market, NA
Moneylender, 0.0
Remodel, 1.7844827586206897
Smithy, 0.0
Thief, 0.0
Village, 0.0
Witch, 7.6202236719478105
Woodcutter, 0.5948275862068966