CARD, EVALUE
Woodcutter, 0.5384615384615384
Gardens, 0.0
Festival, 0.0
Moneylender, 0.0
Village, 0.0
Market, 0.0
Laboratory, 0.0
Witch, 4.251012145748987
Bureaucrat, 8.502024291497975
Remodel, 0.0
Thief, 1.0769230769230769