CARD, EVALUE
Woodcutter, 0.5222222222222223
Gardens, 0.0
Festival, 2.611111111111111
Moneylender, 0.0
Smithy, 0.0
Village, 0.0
Market, 0.0
Laboratory, 0.0
Witch, 6.025641025641026
Bureaucrat, 4.017094017094017
Thief, 1.0444444444444445