CARD, EVALUE
Gardens, 0.6575342465753424
Festival, 0.0
Moneylender, 1.9726027397260273
Smithy, 0.0
Village, 0.0
Market, 0.0
Laboratory, 0.0
Witch, 14.9439601494396
Bureaucrat, 8.966376089663761
Remodel, 0.0
Thief, 1.3150684931506849