CARD, EVALUE
Woodcutter, 0.5963302752293578
Gardens, 0.0
Festival, 2.9816513761467887
Smithy, 0.0
Village, 0.0
Market, 0.0
Laboratory, 0.0
Witch, 8.385894495412844
Bureaucrat, 7.454128440366972
Remodel, 0.0
Thief, 1.1926605504587156