CARD, EVALUE
Woodcutter, 0.6666666666666666
Gardens, 0.0
Festival, 2.0
Moneylender, 0.0
Smithy, 0.0
Village, 0.0
Laboratory, 0.0
Witch, 13.333333333333334
Bureaucrat, 13.333333333333334
Remodel, 0.0
Thief, 0.6666666666666666