CARD, EVALUE
Woodcutter, 0.5606060606060606
Gardens, 0.0
Festival, 1.6818181818181817
Moneylender, 0.0
Smithy, 0.0
Village, 0.0
Market, 0.0
Laboratory, 0.0
Witch, 10.678210678210677
Bureaucrat, 5.3391053391053385
Remodel, 0.5606060606060606