CARD, EVALUE
Woodcutter, 0.6486486486486487
Gardens, 0.0
Festival, 2.5945945945945947
Moneylender, 0.0
Smithy, 0.0
Village, 0.0
Laboratory, 0.0
Witch, 9.870740305522913
Bureaucrat, 2.82021151586369
Remodel, 0.0
Thief, 1.2972972972972974