CARD, EVALUE
Woodcutter, 0.7051282051282052
Gardens, 0.0
Moneylender, 2.1153846153846154
Smithy, 0.0
Village, 0.0
Market, 0.0
Laboratory, 0.0
Witch, 7.34508547008547
Bureaucrat, 8.814102564102564
Remodel, 0.0
Thief, 1.4102564102564104