CARD, EVALUE
Woodcutter, 0.6621621621621622
Gardens, 0.0
Festival, 3.310810810810811
Moneylender, 0.0
Smithy, 0.0
Village, 0.0
Market, 0.0
Witch, 7.882882882882883
Bureaucrat, 9.459459459459458
Remodel, 0.0
Thief, 1.3243243243243243