CARD, EVALUE
Woodcutter, 0.5888888888888889
Gardens, 0.0
Festival, 2.9444444444444446
Moneylender, 0.0
Smithy, 0.0
Village, 0.0
Laboratory, 0.0
Witch, 9.422222222222222
Bureaucrat, 9.422222222222222
Remodel, 0.0
Thief, 1.1777777777777778