CARD, EVALUE
Woodcutter, 0.6521739130434783
Gardens, 0.0
Festival, 0.6521739130434783
Moneylender, 0.0
Smithy, 0.0
Market, 0.0
Laboratory, 0.0
Witch, 9.316770186335404
Bureaucrat, 3.1055900621118013
Remodel, 0.0
Thief, 1.3043478260869565