CARD, EVALUE
Woodcutter, 0.7843137254901961
Gardens, 0.0
Festival, 0.0
Moneylender, 0.0
Smithy, 0.0
Village, 0.0
Laboratory, 0.0
Witch, 10.893246187363834
Bureaucrat, 13.071895424836603
Remodel, 0.0
Thief, 1.5686274509803921