CARD, EVALUE
Woodcutter, 0.5795454545454546
Gardens, 0.0
Festival, 2.897727272727273
Moneylender, 0.0
Village, 0.0
Market, 0.0
Laboratory, 0.0
Witch, 9.65909090909091
Bureaucrat, 7.2443181818181825
Remodel, 0.0
Thief, 1.1590909090909092