CARD, EVALUE
Woodcutter, 0.6235294117647059
Gardens, 0.0
Moneylender, 3.1176470588235294
Smithy, 0.0
Village, 0.0
Market, 0.0
Laboratory, 0.0
Witch, 6.7774936061381075
Bureaucrat, 5.421994884910486
Remodel, 0.0
Thief, 1.2470588235294118