CARD, EVALUE
Woodcutter, 0.6039603960396039
Gardens, 0.0
Festival, 2.4158415841584158
Moneylender, 0.0
Smithy, 0.0
Village, 0.0
Market, 0.0
Laboratory, 0.0
Witch, 6.710671067106711
Bureaucrat, 11.184451778511184
Remodel, 1.2079207920792079