CARD, EVALUE
Woodcutter, 0.547945205479452
Gardens, 0.0
Festival, 2.191780821917808
Smithy, 0.0
Village, 0.0
Market, 0.0
Laboratory, 0.0
Witch, 3.7359900373599
Bureaucrat, 9.9626400996264
Remodel, 0.0
Thief, 1.095890410958904