CARD, EVALUE
Woodcutter, 0.6477272727272727
Gardens, 0.0
Festival, 3.2386363636363633
Moneylender, 0.0
Smithy, 11.264822134387352
Village, 0.0
Market, 0.0
Laboratory, 0.6477272727272727
Bureaucrat, 8.448616600790514
Remodel, 0.0
Thief, 0.0