CARD, EVALUE
Bureaucrat, 5.948192120885053
Festival, 0.6055045871559633
Gardens, 3.0275229357798166
Laboratory, 0.0
Market, NA
Moneylender, 0.0
Remodel, 1.2110091743119267
Smithy, 0.0
Thief, 0.0
Village, 0.0
Witch, 9.22504047490556
Woodcutter, 0.6055045871559633