CARD, EVALUE
Woodcutter, 0.639344262295082
Gardens, 0.0
Festival, 1.278688524590164
Moneylender, 0.0
Smithy, 0.0
Village, 0.0
Market, 0.0
Laboratory, 0.0
Witch, 6.729939603106126
Bureaucrat, 16.824849007765316
Remodel, 0.639344262295082
Thief, 0.0