CARD, EVALUE
Bureaucrat, 9.940956221198157
Festival, 0.0
Gardens, 3.4821428571428577
Laboratory, 0.0
Market, 0.0
Moneylender, 0.0
Remodel, 0.5803571428571429
Smithy, 0.0
Thief, 0.5803571428571429
Village, 0.0
Witch, 6.777073732718894
Woodcutter, 0.0