CARD, EVALUE
Gardens, 0.5573770491803278
Festival, 0.0
Moneylender, 1.1147540983606556
Smithy, 5.573770491803278
Village, 0.0
Market, 0.0
Laboratory, 0.0
Witch, 8.918032786885245
Bureaucrat, 5.573770491803278
Remodel, 0.0
Thief, 0.5573770491803278