CARD, EVALUE
Woodcutter, 0.6538461538461539
Gardens, 0.0
Festival, 2.6153846153846154
Moneylender, 0.0
Smithy, 0.0
Village, 0.0
Market, 0.0
Laboratory, 0.0
Witch, 9.535256410256409
Bureaucrat, 5.448717948717949
Thief, 1.3076923076923077