CARD, EVALUE
Woodcutter, 0.6081081081081081
Gardens, 0.0
Festival, 1.2162162162162162
Smithy, 0.0
Village, 0.0
Market, 0.0
Laboratory, 0.0
Witch, 6.609870740305522
Bureaucrat, 5.287896592244419
Remodel, 0.0
Thief, 1.2162162162162162