CARD, EVALUE
Woodcutter, 0.7142857142857143
Gardens, 0.0
Festival, 0.7142857142857143
Moneylender, 0.0
Smithy, 0.0
Village, 0.0
Laboratory, 0.0
Witch, 10.204081632653061
Bureaucrat, 3.4013605442176873
Remodel, 0.0
Thief, 1.4285714285714286