CARD, EVALUE
Woodcutter, 0.5797101449275363
Gardens, 0.0
Festival, 2.318840579710145
Moneylender, 0.5797101449275363
Smithy, 0.0
Village, 0.0
Market, 0.0
Laboratory, 2.7605244996549345
Witch, 3.680699332873246
Bureaucrat, 13.802622498274673
Thief, 1.7391304347826089