CARD, EVALUE
Woodcutter, 0.6986301369863014
Gardens, 0.0
Festival, 4.191780821917808
Moneylender, 0.0
Village, 0.0
Market, 0.0
Laboratory, 0.0
Witch, 11.114570361145706
Bureaucrat, 6.351183063511831
Remodel, 0.0
Thief, 1.3972602739726028