CARD, EVALUE
Woodcutter, 0.6301369863013698
Gardens, 0.0
Moneylender, 2.5205479452054793
Smithy, 0.0
Village, 0.0
Market, 0.0
Laboratory, 0.0
Witch, 8.59277708592777
Bureaucrat, 5.72851805728518
Remodel, 0.0
Thief, 1.2602739726027397