CARD, EVALUE
Woodcutter, 0.6166666666666667
Gardens, 0.0
Festival, 0.6166666666666667
Moneylender, 0.0
Smithy, 3.2456140350877196
Village, 0.0
Market, 0.0
Laboratory, 0.6166666666666667
Bureaucrat, 12.982456140350878
Remodel, 0.0
Thief, 0.0