CARD, EVALUE
Woodcutter, 0.7166666666666667
Festival, 0.0
Moneylender, 0.0
Smithy, 0.0
Village, 0.0
Market, 0.0
Laboratory, 0.0
Witch, 12.541666666666668
Bureaucrat, 17.916666666666668
Remodel, 0.0
Thief, 1.4333333333333333