CARD, EVALUE
Woodcutter, 0.7027027027027027
Gardens, 0.0
Festival, 0.7027027027027027
Moneylender, 0.0
Smithy, 0.0
Village, 0.0
Market, 0.0
Laboratory, 0.0
Witch, 7.63807285546416
Bureaucrat, 9.165687426556993
Thief, 1.4054054054054055