CARD, EVALUE
Woodcutter, 0.6338028169014085
Gardens, 0.0
Festival, 2.535211267605634
Moneylender, 0.0
Smithy, 0.0
Village, 0.0
Market, 0.0
Laboratory, 0.0
Witch, 10.08322663252241
Bureaucrat, 8.642765685019207
Thief, 1.267605633802817