CARD, EVALUE
Woodcutter, 0.6231884057971014
Gardens, 0.0
Festival, 1.8695652173913042
Moneylender, 0.0
Smithy, 0.0
Market, 0.0
Laboratory, 0.0
Witch, 5.9351276742581085
Bureaucrat, 8.902691511387163
Remodel, 0.0
Thief, 1.2463768115942029