CARD, EVALUE
Woodcutter, 0.5784313725490197
Gardens, 0.0
Festival, 2.3137254901960786
Moneylender, 0.0
Smithy, 0.0
Market, 0.0
Laboratory, 0.0
Witch, 4.284676833696442
Bureaucrat, 10.711692084241104
Remodel, 0.0
Thief, 0.5784313725490197