CARD, EVALUE
Woodcutter, 0.6075949367088608
Gardens, 0.0
Festival, 3.037974683544304
Moneylender, 0.0
Smithy, 0.0
Village, 0.0
Market, 0.0
Laboratory, 0.0
Witch, 6.904487917146146
Bureaucrat, 13.808975834292292
Thief, 1.2151898734177216