CARD, EVALUE
Woodcutter, 0.6237623762376238
Gardens, 0.0
Festival, 3.118811881188119
Moneylender, 0.0
Smithy, 0.0
Village, 0.0
Laboratory, 0.0
Witch, 8.91089108910891
Bureaucrat, 8.91089108910891
Remodel, 0.0
Thief, 1.2475247524752475