CARD, EVALUE
Woodcutter, 0.6216216216216216
Gardens, 0.0
Festival, 2.4864864864864864
Moneylender, 0.0
Smithy, 0.0
Village, 0.0
Market, 0.0
Laboratory, 0.0
Witch, 13.513513513513512
Bureaucrat, 2.7027027027027026
Thief, 0.6216216216216216