CARD, EVALUE
Woodcutter, 0.7627118644067796
Gardens, 0.0
Festival, 0.7627118644067796
Moneylender, 0.0
Smithy, 0.0
Village, 0.0
Market, 0.0
Laboratory, 0.0
Witch, 8.898305084745763
Bureaucrat, 11.440677966101696
Thief, 2.288135593220339