CARD, EVALUE
Woodcutter, 0.5802469135802469
Gardens, 0.0
Festival, 2.3209876543209877
Moneylender, 0.0
Smithy, 0.0
Village, 0.0
Market, 0.0
Laboratory, 0.0
Witch, 7.253086419753087
Bureaucrat, 4.8353909465020575
Remodel, 1.1604938271604939