CARD, EVALUE
Woodcutter, 0.6190476190476191
Gardens, 0.0
Festival, 1.2380952380952381
Smithy, 0.0
Village, 0.0
Market, 0.0
Laboratory, 0.0
Witch, 5.895691609977324
Bureaucrat, 5.895691609977324
Remodel, 0.0
Thief, 1.2380952380952381