CARD, EVALUE
Woodcutter, 0.6615384615384615
Gardens, 0.0
Moneylender, 0.6615384615384615
Smithy, 0.0
Village, 0.0
Market, 0.0
Laboratory, 0.0
Witch, 7.875457875457875
Bureaucrat, 9.45054945054945
Remodel, 0.0
Thief, 1.323076923076923