CARD, EVALUE
Woodcutter, 0.6981132075471698
Gardens, 0.0
Festival, 0.6981132075471698
Moneylender, 0.0
Village, 0.0
Market, 0.0
Laboratory, 0.0
Witch, 11.022840119165837
Bureaucrat, 7.348560079443893
Remodel, 0.0
Thief, 1.3962264150943395