CARD, EVALUE
Woodcutter, 0.5970149253731343
Festival, 0.0
Moneylender, 0.0
Smithy, 0.0
Village, 0.0
Market, 0.0
Laboratory, 0.0
Witch, 4.264392324093817
Bureaucrat, 5.685856432125088
Remodel, 0.0
Thief, 1.1940298507462686