CARD, EVALUE
Woodcutter, 0.7076923076923077
Gardens, 0.0
Festival, 1.4153846153846155
Moneylender, 0.0
Smithy, 0.0
Village, 0.0
Market, 0.0
Laboratory, 0.0
Witch, 10.10989010989011
Bureaucrat, 10.10989010989011
Remodel, 1.4153846153846155
Thief, 0.0