CARD, EVALUE
Woodcutter, 0.5930232558139535
Gardens, 0.0
Festival, 1.7790697674418605
Smithy, 0.0
Village, 0.0
Market, 0.0
Laboratory, 0.0
Witch, 7.412790697674419
Bureaucrat, 7.412790697674419
Remodel, 0.0
Thief, 1.186046511627907