CARD, EVALUE
Woodcutter, 0.5803571428571429
Gardens, 0.0
Festival, 3.4821428571428577
Moneylender, 0.0
Smithy, 0.0
Village, 0.0
Market, 0.5803571428571429
Laboratory, 0.0
Witch, 6.196716589861752
Bureaucrat, 9.360599078341014
Remodel, 1.1607142857142858
Thief, 0.0