CARD, EVALUE
Gardens, 0.6623376623376623
Festival, 0.0
Moneylender, 2.6493506493506493
Smithy, 0.0
Village, 0.0
Market, 0.0
Laboratory, 0.0
Witch, 11.518915866741954
Bureaucrat, 2.8797289666854886
Remodel, 0.0
Thief, 1.3246753246753247