CARD, EVALUE
Woodcutter, 0.5512820512820513
Gardens, 0.0
Festival, 2.2051282051282053
Moneylender, 0.0
Smithy, 0.0
Market, 0.0
Laboratory, 0.0
Witch, 5.742521367521367
Bureaucrat, 6.891025641025641
Remodel, 0.0
Thief, 1.1025641025641026