CARD, EVALUE
Woodcutter, 0.6133333333333333
Gardens, 0.0
Festival, 2.453333333333333
Moneylender, 0.0
Smithy, 0.0
Village, 0.0
Market, 0.0
Laboratory, 0.0
Witch, 6.666666666666667
Bureaucrat, 10.666666666666666
Remodel, 1.2266666666666666