CARD, EVALUE
Woodcutter, 0.6338028169014085
Gardens, 0.0
Moneylender, 1.9014084507042255
Smithy, 0.0
Village, 0.0
Market, 0.0
Laboratory, 0.0
Witch, 7.202304737516006
Bureaucrat, 8.642765685019207
Remodel, 0.0
Thief, 1.267605633802817