CARD, EVALUE
Woodcutter, 0.6133333333333333
Gardens, 0.0
Moneylender, 2.453333333333333
Smithy, 0.0
Village, 0.0
Market, 0.0
Laboratory, 0.0
Witch, 11.15151515151515
Bureaucrat, 2.7878787878787876
Remodel, 0.0
Thief, 0.6133333333333333