CARD, EVALUE
Woodcutter, 0.5662650602409639
Gardens, 0.0
Festival, 2.8313253012048194
Moneylender, 0.0
Smithy, 0.0
Village, 0.0
Market, 0.0
Laboratory, 0.0
Witch, 3.775100401606426
Bureaucrat, 6.795180722891566
Thief, 1.6987951807228918