CARD, EVALUE
Woodcutter, 0.6133333333333333
Gardens, 0.0
Festival, 3.0666666666666664
Moneylender, 0.0
Smithy, 0.0
Village, 0.0
Market, 0.0
Laboratory, 0.0
Witch, 9.757575757575756
Bureaucrat, 5.575757575757575
Remodel, 1.2266666666666666
Thief, 0.0