CARD, EVALUE
Woodcutter, 0.5636363636363636
Gardens, 0.0
Moneylender, 3.9454545454545453
Smithy, 0.0
Village, 0.0
Market, 0.0
Laboratory, 0.0
Witch, 7.2727272727272725
Bureaucrat, 9.654545454545454
Remodel, 0.0
Thief, 1.1272727272727272