CARD, EVALUE
Woodcutter, 0.5619047619047619
Gardens, 0.0
Festival, 2.8095238095238093
Moneylender, 0.0
Smithy, 0.0
Village, 0.0
Laboratory, 0.0
Witch, 9.365079365079364
Bureaucrat, 5.6190476190476195
Remodel, 0.0
Thief, 1.1238095238095238