CARD, EVALUE
Gardens, 0.6415094339622641
Festival, 0.0
Moneylender, 3.849056603773585
Smithy, 0.0
Village, 0.0
Market, 0.0
Laboratory, 0.0
Witch, 6.109613656783468
Bureaucrat, 11.455525606469001
Remodel, 0.0
Thief, 1.9245283018867925