CARD, EVALUE
Gardens, 0.609375
Festival, 0.0
Moneylender, 1.828125
Smithy, 0.609375
Village, 0.0
Market, 0.0
Laboratory, 2.9017857142857144
Witch, 8.705357142857142
Bureaucrat, 5.803571428571429
Remodel, 0.0
Thief, 1.21875