CARD, EVALUE
Woodcutter, 0.6404494382022472
Gardens, 0.0
Festival, 1.2808988764044944
Moneylender, 0.0
Smithy, 0.0
Village, 0.0
Laboratory, 0.0
Witch, 9.339887640449438
Bureaucrat, 8.00561797752809
Remodel, 0.0
Thief, 1.2808988764044944