CARD, EVALUE
Woodcutter, 0.6724137931034483
Gardens, 0.0
Festival, 0.6724137931034483
Moneylender, 0.0
Village, 0.0
Market, 0.0
Laboratory, 0.0
Witch, 8.538587848932677
Bureaucrat, 6.403940886699508
Remodel, 0.0
Thief, 2.0172413793103448