CARD, EVALUE
Woodcutter, 0.6666666666666666
Gardens, 0.0
Festival, 4.666666666666666
Moneylender, 0.0
Smithy, 0.0
Market, 0.0
Laboratory, 0.0
Witch, 7.729468599033816
Bureaucrat, 5.797101449275361
Remodel, 0.0
Thief, 2.0