CARD, EVALUE
Woodcutter, 0.6666666666666666
Gardens, 0.0
Festival, 0.6666666666666666
Moneylender, 0.0
Village, 0.0
Market, 0.0
Laboratory, 0.0
Witch, 7.017543859649122
Bureaucrat, 10.526315789473683
Remodel, 0.0
Thief, 0.6666666666666666