CARD, EVALUE
Woodcutter, 0.6461538461538462
Gardens, 0.0
Festival, 1.9384615384615387
Moneylender, 0.0
Smithy, 0.0
Village, 0.0
Laboratory, 0.0
Witch, 6.153846153846154
Bureaucrat, 12.307692307692308
Remodel, 0.0
Thief, 1.2923076923076924