CARD, EVALUE
Bureaucrat, 4.628170534268754
Festival, 0.5871559633027523
Gardens, 2.9357798165137616
Laboratory, NA
Market, 0.0
Moneylender, 0.0
Remodel, 0.5871559633027523
Smithy, 0.0
Thief, 0.0
Village, 0.0
Witch, 6.94225580140313
Woodcutter, 0.0