CARD, EVALUE
Woodcutter, 0.6949152542372882
Festival, 0.0
Moneylender, 0.0
Smithy, 0.0
Village, 0.0
Market, 0.0
Laboratory, 0.0
Witch, 9.927360774818403
Bureaucrat, 6.618240516545601
Remodel, 0.0
Thief, 1.3898305084745763