CARD, EVALUE
Woodcutter, 0.5818181818181818
Gardens, 0.0
Festival, 2.327272727272727
Moneylender, 0.0
Smithy, 0.0
Village, 0.0
Market, 0.0
Witch, 6.787878787878787
Bureaucrat, 1.9393939393939394
Remodel, 0.0
Thief, 1.1636363636363636