CARD, EVALUE
Woodcutter, 0.6984126984126984
Festival, 0.0
Moneylender, 0.0
Smithy, 0.0
Village, 0.0
Market, 0.0
Laboratory, 0.0
Witch, 8.73015873015873
Bureaucrat, 10.476190476190474
Remodel, 0.0
Thief, 1.3968253968253967