CARD, EVALUE
Woodcutter, 0.5876288659793815
Gardens, 0.0
Festival, 2.350515463917526
Moneylender, 0.0
Smithy, 0.0
Village, 0.0
Market, 0.0
Laboratory, 0.0
Witch, 6.780333068992863
Bureaucrat, 9.040444091990484
Remodel, 1.175257731958763