CARD, EVALUE
Woodcutter, 0.6610169491525424
Gardens, 0.0
Festival, 1.3220338983050848
Moneylender, 0.0
Smithy, 0.0
Village, 0.0
Market, 0.0
Laboratory, 0.0
Witch, 8.26271186440678
Bureaucrat, 9.915254237288137
Thief, 1.3220338983050848