CARD, EVALUE
Woodcutter, 0.6363636363636364
Gardens, 0.0
Festival, 2.5454545454545454
Moneylender, 0.0
Village, 0.0
Market, 0.0
Laboratory, 0.0
Witch, 8.566433566433565
Bureaucrat, 2.4475524475524475
Remodel, 0.0
Thief, 1.2727272727272727