CARD, EVALUE
Woodcutter, 0.5192307692307693
Gardens, 0.0
Festival, 0.0
Smithy, 0.0
Village, 0.0
Market, 0.0
Laboratory, 0.0
Witch, 6.490384615384616
Bureaucrat, 2.5961538461538463
Remodel, 0.0
Thief, 1.0384615384615385