CARD, EVALUE
Woodcutter, 0.5961538461538461
Gardens, 0.0
Festival, 2.980769230769231
Moneylender, 0.0
Village, 0.0
Market, 0.0
Laboratory, 0.0
Witch, 8.025147928994084
Bureaucrat, 11.464497041420119
Remodel, 0.0
Thief, 1.1923076923076923