CARD, EVALUE
Woodcutter, 0.5444444444444444
Gardens, 0.0
Festival, 3.2666666666666666
Moneylender, 0.0
Smithy, 0.0
Village, 0.0
Market, 0.0
Laboratory, 0.0
Witch, 9.423076923076922
Bureaucrat, 8.376068376068375
Remodel, 1.0888888888888888