CARD, EVALUE
Woodcutter, 0.6629213483146067
Gardens, 0.0
Festival, 3.3146067415730336
Smithy, 0.0
Village, 0.0
Market, 0.0
Laboratory, 0.0
Witch, 8.923941227312014
Bureaucrat, 7.649092480553153
Remodel, 0.0
Thief, 1.3258426966292134