CARD, EVALUE
Woodcutter, 0.6055045871559633
Gardens, 0.6055045871559633
Festival, 3.0275229357798166
Moneylender, 0.0
Smithy, 0.0
Village, 0.0
Laboratory, 1.2110091743119267
Witch, 8.014031300593633
Bureaucrat, 5.342687533729089
Remodel, 0.0
Thief, 1.2110091743119267