CARD, EVALUE
Woodcutter, 0.5735294117647058
Gardens, 0.0
Moneylender, 1.7205882352941175
Smithy, 0.0
Village, 0.0
Market, 0.0
Laboratory, 0.0
Witch, 5.462184873949579
Bureaucrat, 8.193277310924369
Remodel, 0.0
Thief, 1.1470588235294117