CARD, EVALUE
Woodcutter, 0.6666666666666666
Gardens, 0.0
Festival, 1.3333333333333333
Moneylender, 0.0
Smithy, 0.0
Village, 0.0
Market, 0.0
Witch, 5.797101449275361
Bureaucrat, 5.797101449275361
Remodel, 0.0
Thief, 1.3333333333333333