CARD, EVALUE
Woodcutter, 0.6455696202531646
Gardens, 0.0
Festival, 2.5822784810126582
Moneylender, 0.0
Smithy, 0.0
Market, 0.0
Laboratory, 0.0
Witch, 8.803222094361335
Bureaucrat, 5.868814729574224
Remodel, 0.0
Thief, 0.6455696202531646