CARD, EVALUE
Woodcutter, 0.5252525252525253
Gardens, 0.0
Moneylender, 2.6262626262626263
Smithy, 1.9453797231575012
Village, 0.0
Market, 0.0
Laboratory, 0.0
Witch, 8.30677141788253
Bureaucrat, 5.836139169472503
Remodel, 0.0
Thief, 1.0505050505050506