CARD, EVALUE
Woodcutter, 0.6142857142857143
Gardens, 0.0
Festival, 3.0714285714285716
Moneylender, 0.0
Smithy, 3.2330827067669174
Village, 0.0
Market, 0.0
Laboratory, 0.6142857142857143
Bureaucrat, 9.699248120300751
Remodel, 0.0
Thief, 0.0