CARD, EVALUE
Bureaucrat, 6.948998178506375
Festival, 2.422586520947177
Gardens, 2.8688524590163933
Laboratory, 1.1475409836065573
Market, 0.0
Moneylender, 0.0
Remodel, NA
Smithy, 1.1475409836065573
Thief, 0.0
Village, 1.785063752276867
Witch, 5.546448087431694
Woodcutter, 3.1238615664845173