CARD, EVALUE
Woodcutter, 0.6885245901639344
Gardens, 0.0
Festival, 1.3770491803278688
Moneylender, 0.0
Smithy, 0.0
Market, 0.0
Laboratory, 0.0
Witch, 9.836065573770492
Bureaucrat, 3.278688524590164
Remodel, 0.0
Thief, 1.3770491803278688