CARD, EVALUE
Woodcutter, 0.6065573770491803
Festival, 0.0
Moneylender, 0.0
Smithy, 0.0
Village, 0.0
Market, 0.0
Laboratory, 0.0
Witch, 8.665105386416862
Bureaucrat, 5.776736924277908
Remodel, 0.0
Thief, 1.2131147540983607