CARD, EVALUE
Woodcutter, 0.6166666666666667
Gardens, 0.0
Festival, 0.6166666666666667
Moneylender, 0.0
Smithy, 4.86842105263158
Village, 0.0
Market, 0.0
Laboratory, 1.2333333333333334
Bureaucrat, 12.982456140350878
Remodel, 0.0
Thief, 0.0