CARD, EVALUE
Woodcutter, 0.5904761904761905
Gardens, 0.0
Moneylender, 1.7714285714285714
Smithy, 0.0
Village, 0.0
Market, 0.0
Laboratory, 0.0
Witch, 8.435374149659864
Bureaucrat, 4.217687074829932
Remodel, 0.0
Thief, 1.180952380952381