CARD, EVALUE
Woodcutter, 0.6144578313253012
Gardens, 0.0
Festival, 1.8433734939759034
Moneylender, 0.0
Smithy, 0.0
Village, 0.0
Market, 0.0
Witch, 10.686223153483498
Bureaucrat, 10.686223153483498
Remodel, 0.0
Thief, 0.6144578313253012