CARD, EVALUE
Woodcutter, 0.5217391304347826
Gardens, 0.0
Moneylender, 1.0434782608695652
Smithy, 0.0
Village, 0.0
Market, 0.0
Laboratory, 0.0
Witch, 3.5573122529644263
Bureaucrat, 2.371541501976284
Remodel, 0.0
Thief, 1.0434782608695652