CARD, EVALUE
Woodcutter, 0.7397260273972602
Festival, 0.0
Moneylender, 0.0
Smithy, 0.0
Village, 0.0
Market, 0.0
Laboratory, 0.0
Witch, 10.567514677103718
Bureaucrat, 17.61252446183953
Remodel, 0.0
Thief, 0.7397260273972602