CARD, EVALUE
Woodcutter, 0.5535714285714286
Gardens, 0.0
Festival, 0.5535714285714286
Moneylender, 0.0
Village, 0.0
Market, 0.0
Laboratory, 0.0
Witch, 6.919642857142858
Bureaucrat, 5.5357142857142865
Remodel, 0.0
Thief, 1.1071428571428572