CARD, EVALUE
Woodcutter, 0.5402298850574713
Gardens, 0.0
Festival, 3.2413793103448274
Moneylender, 0.0
Smithy, 0.0
Village, 0.0
Laboratory, 0.0
Witch, 2.160919540229885
Bureaucrat, 10.804597701149426
Remodel, 0.0
Thief, 1.0804597701149425