CARD, EVALUE
Woodcutter, 0.5051546391752577
Gardens, 0.0
Festival, 2.020618556701031
Moneylender, 0.0
Smithy, 0.9354715540282551
Village, 0.0
Market, 0.0
Laboratory, 1.0103092783505154
Bureaucrat, 7.483772432226041
Remodel, 0.0
Thief, 0.0