CARD, EVALUE
Woodcutter, 0.5851063829787234
Gardens, 0.0
Festival, 2.925531914893617
Moneylender, 0.0
Smithy, 0.0
Village, 0.0
Market, 0.0
Laboratory, 0.0
Witch, 3.900709219858156
Bureaucrat, 11.702127659574469
Remodel, 1.7553191489361701
Thief, 0.0