CARD, EVALUE
Woodcutter, 0.5538461538461539
Gardens, 0.0
Festival, 1.1076923076923078
Moneylender, 0.0
Smithy, 4.153846153846154
Village, 0.0
Market, 0.0
Laboratory, 1.1076923076923078
Bureaucrat, 11.076923076923077
Remodel, 0.0
Thief, 0.0