CARD, EVALUE
Woodcutter, 0.5571428571428572
Gardens, 0.0
Moneylender, 2.2285714285714286
Smithy, 0.0
Village, 0.0
Market, 0.0
Laboratory, 0.0
Witch, 7.597402597402597
Bureaucrat, 7.597402597402597
Remodel, 0.0
Thief, 0.5571428571428572