CARD, EVALUE
Gardens, 0.5662650602409639
Festival, 0.0
Moneylender, 2.2650602409638556
Smithy, 0.0
Village, 0.0
Market, 0.0
Laboratory, 0.0
Witch, 9.437751004016064
Bureaucrat, 7.078313253012049
Remodel, 0.0
Thief, 0.5662650602409639