CARD, EVALUE
Woodcutter, 0.7727272727272727
Gardens, 0.0
Festival, 2.3181818181818183
Moneylender, 0.0
Smithy, 0.0
Village, 0.0
Market, 0.0
Witch, 11.590909090909092
Bureaucrat, 7.727272727272727
Remodel, 0.0
Thief, 1.5454545454545454