CARD, EVALUE
Woodcutter, 0.6261682242990654
Gardens, 0.0
Festival, 3.130841121495327
Moneylender, 0.0
Smithy, 0.0
Village, 0.0
Market, 0.0
Laboratory, 0.0
Witch, 5.218068535825545
Bureaucrat, 8.945260347129505
Remodel, 1.8785046728971961