CARD, EVALUE
Woodcutter, 0.5662650602409639
Gardens, 0.0
Festival, 1.6987951807228918
Moneylender, 0.0
Smithy, 0.0
Village, 0.0
Market, 0.0
Laboratory, 0.0
Witch, 9.437751004016064
Bureaucrat, 4.718875502008032
Remodel, 1.1325301204819278
Thief, 0.0