CARD, EVALUE
Woodcutter, 0.6142857142857143
Gardens, 0.0
Festival, 1.2285714285714286
Moneylender, 0.0
Smithy, 3.0714285714285716
Village, 0.0
Market, 0.0
Laboratory, 0.6142857142857143
Bureaucrat, 6.142857142857143
Remodel, 0.0
Thief, 0.0