CARD, EVALUE
Woodcutter, 0.6052631578947368
Gardens, 0.0
Festival, 1.8157894736842106
Moneylender, 0.0
Smithy, 0.0
Village, 0.0
Market, 0.0
Laboratory, 0.0
Witch, 4.126794258373206
Bureaucrat, 11.004784688995215
Remodel, 1.2105263157894737