CARD, EVALUE
Woodcutter, 0.5842696629213483
Gardens, 0.0
Festival, 2.9213483146067416
Moneylender, 0.0
Smithy, 0.0
Village, 0.0
Market, 0.0
Laboratory, 0.0
Witch, 7.011235955056179
Bureaucrat, 7.011235955056179
Thief, 1.1685393258426966