CARD, EVALUE
Woodcutter, 0.7014925373134329
Festival, 0.0
Moneylender, 0.0
Smithy, 0.0
Village, 0.0
Market, 0.0
Laboratory, 0.0
Witch, 17.40369580668088
Bureaucrat, 3.34044065387349
Remodel, 0.0
Thief, 0.7014925373134329