CARD, EVALUE
Woodcutter, 0.6190476190476191
Gardens, 0.0
Festival, 2.4761904761904763
Moneylender, 0.0
Smithy, 0.0
Village, 0.0
Laboratory, 0.0
Witch, 10.766045548654244
Bureaucrat, 8.074534161490684
Remodel, 0.0
Thief, 0.6190476190476191