CARD, EVALUE
Woodcutter, 0.5970149253731343
Gardens, 0.0
Festival, 1.1940298507462686
Moneylender, 0.0
Smithy, 0.0
Market, 0.0
Laboratory, 0.0
Witch, 5.685856432125088
Bureaucrat, 5.685856432125088
Remodel, 0.0
Thief, 1.1940298507462686