CARD, EVALUE
Woodcutter, 0.6515151515151515
Gardens, 0.0
Festival, 0.0
Moneylender, 0.0
Smithy, 0.0
Village, 0.0
Market, 0.0
Witch, 12.40981240981241
Bureaucrat, 3.1024531024531026
Remodel, 0.0
Thief, 0.6515151515151515