CARD, EVALUE
Woodcutter, 0.6049382716049383
Gardens, 0.0
Festival, 1.2098765432098766
Moneylender, 0.0
Village, 0.0
Market, 0.0
Laboratory, 0.0
Witch, 5.041152263374485
Bureaucrat, 2.5205761316872426
Remodel, 0.0
Thief, 1.2098765432098766