CARD, EVALUE
Woodcutter, 0.7049180327868853
Gardens, 0.0
Festival, 0.0
Moneylender, 0.0
Smithy, 0.0
Village, 0.0
Laboratory, 0.0
Witch, 8.391881342701016
Bureaucrat, 13.427010148321624
Remodel, 0.0
Thief, 1.4098360655737705