CARD, EVALUE
Woodcutter, 0.6190476190476191
Gardens, 0.0
Festival, 0.0
Moneylender, 0.0
Village, 0.0
Market, 0.0
Laboratory, 0.0
Witch, 4.421768707482993
Bureaucrat, 8.843537414965986
Remodel, 0.0
Thief, 1.2380952380952381