CARD, EVALUE
Woodcutter, 0.6774193548387096
Gardens, 0.0
Festival, 0.6774193548387096
Moneylender, 0.0
Smithy, 0.0
Village, 0.0
Market, 0.0
Witch, 6.451612903225806
Bureaucrat, 3.225806451612903
Remodel, 0.0
Thief, 1.3548387096774193