CARD, EVALUE
Woodcutter, 0.7377049180327869
Gardens, 0.0
Festival, 0.7377049180327869
Moneylender, 0.0
Smithy, 12.295081967213115
Village, 0.0
Market, 0.0
Laboratory, 0.7377049180327869
Bureaucrat, 12.295081967213115
Remodel, 0.0
Thief, 0.0