CARD, EVALUE
Woodcutter, 0.5882352941176471
Gardens, 0.0
Festival, 0.5882352941176471
Moneylender, 0.0
Smithy, 0.0
Village, 0.0
Market, 0.0
Laboratory, 0.0
Witch, 7.002801120448179
Bureaucrat, 5.602240896358544
Remodel, 1.1764705882352942
Thief, 0.0