CARD, EVALUE
Gardens, 0.5617977528089888
Festival, 0.0
Moneylender, 1.6853932584269664
Smithy, 0.0
Village, 0.0
Market, 0.0
Laboratory, 0.0
Witch, 6.741573033707865
Bureaucrat, 6.741573033707865
Remodel, 0.0
Thief, 1.1235955056179776