CARD, EVALUE
Gardens, 0.5538461538461539
Festival, 0.0
Moneylender, 2.2153846153846155
Smithy, 0.0
Village, 0.0
Market, 0.0
Laboratory, 0.0
Witch, 5.538461538461538
Bureaucrat, 8.307692307692308
Remodel, 0.0
Thief, 1.1076923076923078