CARD, EVALUE
Gardens, 0.5060240963855421
Festival, 0.0
Moneylender, 1.5180722891566263
Smithy, 0.0
Village, 0.0
Market, 0.0
Laboratory, 0.0
Witch, 4.216867469879518
Bureaucrat, 8.433734939759036
Remodel, 0.0
Thief, 1.5180722891566263