CARD, EVALUE
Woodcutter, 0.5844155844155844
Gardens, 0.0
Festival, 2.922077922077922
Moneylender, 0.0
Smithy, 0.0
Village, 0.0
Market, 0.0
Laboratory, 0.0
Witch, 7.305194805194805
Bureaucrat, 9.74025974025974
Thief, 1.1688311688311688