CARD, EVALUE
Woodcutter, 0.6716417910447762
Gardens, 0.0
Festival, 2.6865671641791047
Smithy, 0.0
Village, 0.0
Market, 0.0
Laboratory, 0.0
Witch, 12.21166892808684
Bureaucrat, 6.10583446404342
Remodel, 0.0
Thief, 1.3432835820895523