CARD, EVALUE
Woodcutter, 0.6153846153846154
Gardens, 0.0
Festival, 1.2307692307692308
Moneylender, 0.0
Smithy, 0.0
Market, 0.0
Laboratory, 0.0
Witch, 6.153846153846154
Bureaucrat, 12.307692307692308
Remodel, 0.0
Thief, 0.6153846153846154