CARD, EVALUE
Gardens, 0.6521739130434783
Festival, 0.0
Moneylender, 1.3043478260869565
Smithy, 0.0
Village, 0.0
Market, 0.0
Laboratory, 0.0
Witch, 6.211180124223603
Bureaucrat, 6.211180124223603
Remodel, 0.0
Thief, 1.3043478260869565