CARD, EVALUE
Woodcutter, 0.6282051282051282
Gardens, 0.0
Festival, 2.5128205128205128
Smithy, 0.0
Village, 0.0
Market, 0.0
Laboratory, 0.0
Witch, 6.828316610925307
Bureaucrat, 8.193979933110368
Remodel, 0.0
Thief, 1.2564102564102564