CARD, EVALUE
Woodcutter, 0.6461538461538462
Gardens, 0.0
Festival, 0.6461538461538462
Moneylender, 0.0
Smithy, 0.0
Village, 0.0
Market, 0.0
Laboratory, 0.0
Witch, 12.923076923076923
Bureaucrat, 6.461538461538462
Thief, 0.6461538461538462