CARD, EVALUE
Woodcutter, 0.5666666666666667
Gardens, 0.0
Festival, 2.833333333333333
Moneylender, 0.0
Smithy, 7.391304347826087
Village, 0.0
Market, 0.0
Laboratory, 0.5666666666666667
Bureaucrat, 4.927536231884058
Remodel, 0.0
Thief, 0.0