CARD, EVALUE
Woodcutter, 0.5432098765432098
Gardens, 0.0
Festival, 2.1728395061728394
Moneylender, 0.0
Smithy, 2.3617820719269993
Village, 0.0
Market, 0.0
Laboratory, 0.5432098765432098
Bureaucrat, 11.808910359634996
Remodel, 0.0
Thief, 0.0