CARD, EVALUE
Woodcutter, 0.6865671641791045
Gardens, 0.0
Festival, 0.6865671641791045
Moneylender, 0.0
Smithy, 0.0
Market, 0.0
Laboratory, 0.0
Witch, 9.808102345415778
Bureaucrat, 6.5387348969438515
Remodel, 0.0
Thief, 1.373134328358209