CARD, EVALUE
Woodcutter, 0.6617647058823529
Gardens, 0.0
Festival, 1.9852941176470589
Moneylender, 0.0
Smithy, 0.0
Village, 0.0
Market, 0.0
Laboratory, 0.0
Witch, 13.23529411764706
Bureaucrat, 9.926470588235295
Remodel, 0.6617647058823529