CARD, EVALUE
Woodcutter, 0.5353535353535354
Gardens, 0.0
Moneylender, 3.212121212121212
Smithy, 0.0
Village, 0.0
Market, 0.0
Laboratory, 0.0
Witch, 6.177156177156177
Bureaucrat, 6.177156177156177
Remodel, 0.0
Thief, 0.5353535353535354