CARD, EVALUE
Woodcutter, 0.7012987012987013
Gardens, 0.0
Festival, 4.207792207792208
Moneylender, 0.0
Smithy, 0.0
Market, 0.0
Laboratory, 0.0
Witch, 6.375442739079102
Bureaucrat, 12.750885478158205
Remodel, 0.0
Thief, 1.4025974025974026