CARD, EVALUE
Woodcutter, 0.5348837209302325
Gardens, 0.0
Moneylender, 2.13953488372093
Smithy, 0.0
Village, 0.0
Market, 0.0
Laboratory, 0.0
Witch, 8.228980322003578
Bureaucrat, 2.0572450805008944
Remodel, 0.0
Thief, 1.069767441860465