CARD, EVALUE
Gardens, 0.6111111111111112
Festival, 0.0
Moneylender, 1.8333333333333335
Smithy, 0.0
Village, 0.0
Market, 0.0
Laboratory, 0.0
Witch, 8.555555555555557
Bureaucrat, 9.777777777777779
Remodel, 0.0
Thief, 1.2222222222222223