CARD, EVALUE
Woodcutter, 1.1818181818181819
Gardens, 0.0
Festival, 1.772727272727273
Moneylender, 0.0
Smithy, 0.0
Village, 0.0
Market, 0.0
Laboratory, 0.0
Witch, 7.162534435261708
Bureaucrat, 1.790633608815427
Remodel, 1.1818181818181819