CARD, EVALUE
Woodcutter, 0.6545454545454545
Gardens, 0.0
Festival, 0.6545454545454545
Smithy, 0.0
Village, 0.0
Market, 0.0
Laboratory, 0.0
Witch, 6.889952153110047
Bureaucrat, 10.334928229665072
Remodel, 0.0
Thief, 0.6545454545454545