CARD, EVALUE
Woodcutter, 0.6086956521739131
Gardens, 0.0
Festival, 0.6086956521739131
Moneylender, 0.0
Smithy, 0.0
Village, 0.0
Market, 0.0
Laboratory, 0.0
Witch, 8.695652173913045
Bureaucrat, 5.797101449275362
Remodel, 0.6086956521739131
Thief, 0.0