CARD, EVALUE
Woodcutter, 0.6133333333333333
Gardens, 0.0
Festival, 2.453333333333333
Moneylender, 0.0
Village, 0.0
Market, 0.0
Laboratory, 0.0
Witch, 5.333333333333333
Bureaucrat, 5.333333333333333
Remodel, 0.0
Thief, 1.2266666666666666