CARD, EVALUE
Woodcutter, 0.6055045871559633
Gardens, 0.0
Moneylender, 2.4220183486238533
Smithy, 0.0
Village, 0.0
Market, 0.0
Laboratory, 0.0
Witch, 7.568807339449542
Bureaucrat, 4.3250327653997385
Remodel, 0.0
Thief, 1.2110091743119267