CARD, EVALUE
Woodcutter, 0.5444444444444444
Gardens, 0.0
Festival, 1.6333333333333333
Moneylender, 0.0
Smithy, 0.0
Village, 0.0
Laboratory, 0.0
Witch, 4.355555555555555
Bureaucrat, 2.1777777777777776
Remodel, 0.0
Thief, 1.0888888888888888