CARD, EVALUE
Woodcutter, 0.6447368421052632
Gardens, 0.0
Festival, 1.2894736842105263
Moneylender, 0.0
Smithy, 4.8355263157894735
Village, 0.0
Market, 0.0
Laboratory, 1.2894736842105263
Bureaucrat, 9.671052631578947
Remodel, 0.0
Thief, 0.0