CARD, EVALUE
Gardens, 0.5689655172413793
Festival, 0.0
Moneylender, 0.5689655172413793
Smithy, 5.9891107078039925
Village, 0.0
Market, 0.0
Laboratory, 0.0
Witch, 6.5580762250453715
Bureaucrat, 2.9945553539019962
Remodel, 0.0
Thief, 0.5689655172413793