CARD, EVALUE
Woodcutter, 0.6338028169014085
Gardens, 0.0
Festival, 1.267605633802817
Moneylender, 0.0
Smithy, 0.0
Village, 0.0
Market, 0.0
Laboratory, 0.0
Witch, 9.644825474586652
Bureaucrat, 5.5113288426209435
Thief, 1.267605633802817