CARD, EVALUE
Woodcutter, 0.6323529411764706
Gardens, 0.0
Festival, 1.2647058823529411
Smithy, 0.0
Village, 0.0
Market, 0.0
Laboratory, 0.0
Witch, 15.056022408963585
Bureaucrat, 6.022408963585433
Remodel, 0.0
Thief, 0.6323529411764706