CARD, EVALUE
Woodcutter, 0.7037037037037037
Festival, 0.0
Moneylender, 0.0
Smithy, 0.0
Village, 0.0
Market, 0.0
Laboratory, 0.0
Witch, 6.766381766381767
Bureaucrat, 13.532763532763534
Remodel, 0.0
Thief, 1.4074074074074074