CARD, EVALUE
Woodcutter, 0.5806451612903226
Gardens, 0.0
Festival, 1.741935483870968
Moneylender, 0.0
Village, 0.0
Market, 0.0
Laboratory, 0.0
Witch, 11.612903225806452
Bureaucrat, 11.612903225806452
Remodel, 0.0
Thief, 0.5806451612903226