CARD, EVALUE
Woodcutter, 0.6428571428571429
Gardens, 0.0
Festival, 1.2857142857142858
Moneylender, 0.0
Smithy, 0.0
Market, 0.0
Laboratory, 0.0
Witch, 9.183673469387758
Bureaucrat, 3.0612244897959187
Remodel, 0.0
Thief, 0.6428571428571429