CARD, EVALUE
Woodcutter, 0.6133333333333333
Gardens, 0.0
Festival, 3.0666666666666664
Smithy, 0.0
Village, 0.0
Market, 0.0
Laboratory, 0.0
Witch, 10.666666666666666
Bureaucrat, 7.999999999999999
Remodel, 0.0
Thief, 1.2266666666666666