CARD, EVALUE
Woodcutter, 0.6338028169014085
Gardens, 0.0
Festival, 3.802816901408451
Smithy, 0.0
Village, 0.0
Market, 0.0
Laboratory, 0.0
Witch, 7.545271629778673
Bureaucrat, 9.054325955734408
Remodel, 0.0
Thief, 1.267605633802817