CARD, EVALUE
Woodcutter, 0.5915492957746479
Festival, 0.0
Moneylender, 0.0
Smithy, 0.0
Village, 0.0
Market, 0.0
Laboratory, 0.0
Witch, 9.001837109614206
Bureaucrat, 7.715860379669319
Remodel, 0.0
Thief, 1.1830985915492958