CARD, EVALUE
Woodcutter, 0.5714285714285714
Gardens, 0.0
Moneylender, 0.5714285714285714
Smithy, 0.0
Village, 0.0
Market, 0.0
Laboratory, 0.0
Witch, 4.285714285714286
Bureaucrat, 8.571428571428571
Remodel, 0.0
Thief, 1.1428571428571428