CARD, EVALUE
Woodcutter, 0.6060606060606061
Gardens, 0.0
Festival, 0.6060606060606061
Moneylender, 0.0
Smithy, 0.0
Village, 0.0
Market, 0.0
Laboratory, 0.0
Witch, 5.772005772005772
Bureaucrat, 5.772005772005772
Remodel, 1.2121212121212122