CARD, EVALUE
Woodcutter, 1.2777777777777777
Gardens, 0.0
Festival, 3.833333333333333
Smithy, 0.6388888888888888
Village, 0.0
Market, 0.0
Laboratory, 0.0
Witch, 8.40643274853801
Bureaucrat, 5.682748538011696
Remodel, 0.6388888888888888
Thief, 1.2777777777777777