CARD, EVALUE
Woodcutter, 0.5974025974025974
Gardens, 0.0
Moneylender, 1.7922077922077921
Smithy, 0.0
Village, 0.0
Market, 0.0
Laboratory, 0.0
Witch, 7.792207792207792
Bureaucrat, 5.194805194805195
Remodel, 0.0
Thief, 1.1948051948051948