CARD, EVALUE
Woodcutter, 0.5806451612903226
Gardens, 0.0
Festival, 0.5806451612903226
Moneylender, 0.0
Village, 0.0
Market, 0.0
Laboratory, 0.0
Witch, 6.912442396313365
Bureaucrat, 2.7649769585253456
Remodel, 0.0
Thief, 1.1612903225806452