CARD, EVALUE
Gardens, 0.5176470588235295
Festival, 0.0
Moneylender, 2.070588235294118
Smithy, 0.0
Village, 0.0
Market, 0.0
Laboratory, 0.0
Witch, 6.211764705882354
Bureaucrat, 4.141176470588236
Remodel, 0.0
Thief, 1.035294117647059