CARD, EVALUE
Gardens, 0.6388888888888888
Festival, 0.0
Moneylender, 1.9166666666666665
Smithy, 0.0
Village, 0.0
Market, 0.0
Laboratory, 0.0
Witch, 6.48148148148148
Bureaucrat, 8.333333333333332
Remodel, 0.0
Thief, 1.9166666666666665