CARD, EVALUE
Woodcutter, 0.5064935064935064
Gardens, 0.0
Festival, 1.5194805194805192
Moneylender, 0.0
Smithy, 0.0
Village, 0.0
Laboratory, 0.0
Witch, 4.22077922077922
Bureaucrat, 4.22077922077922
Remodel, 0.0
Thief, 1.0129870129870129