CARD, EVALUE
Woodcutter, 0.7222222222222222
Gardens, 0.0
Festival, 1.4444444444444444
Moneylender, 0.0
Smithy, 0.0
Village, 0.0
Market, 0.0
Laboratory, 0.0
Witch, 13.13131313131313
Bureaucrat, 9.848484848484848
Thief, 0.7222222222222222