CARD, EVALUE
Woodcutter, 0.5432098765432098
Gardens, 0.0
Festival, 1.6296296296296295
Moneylender, 0.0
Village, 0.0
Market, 0.0
Laboratory, 0.0
Witch, 5.658436213991768
Bureaucrat, 2.2633744855967075
Remodel, 0.0
Thief, 1.0864197530864197