CARD, EVALUE
Woodcutter, 0.5660377358490566
Gardens, 0.0
Festival, 0.5660377358490566
Smithy, 0.0
Village, 0.0
Market, 0.0
Laboratory, 0.0
Witch, 5.660377358490567
Bureaucrat, 5.660377358490567
Remodel, 0.0
Thief, 1.1320754716981132