CARD, EVALUE
Woodcutter, 0.6351351351351351
Festival, 0.0
Moneylender, 0.0
Smithy, 0.0
Village, 0.0
Market, 0.0
Laboratory, 0.0
Witch, 10.585585585585584
Bureaucrat, 5.292792792792792
Remodel, 0.0
Thief, 1.2702702702702702