CARD, EVALUE
Woodcutter, 0.6923076923076923
Gardens, 0.0
Festival, 1.3846153846153846
Moneylender, 0.0
Smithy, 0.0
Village, 0.0
Market, 0.0
Laboratory, 0.0
Witch, 11.538461538461538
Bureaucrat, 13.186813186813188
Thief, 1.3846153846153846