CARD, EVALUE
Woodcutter, 0.6428571428571429
Gardens, 0.0
Festival, 0.6428571428571429
Moneylender, 0.0
Smithy, 0.0
Village, 0.0
Market, 0.0
Witch, 6.42857142857143
Bureaucrat, 6.42857142857143
Remodel, 0.0
Thief, 1.2857142857142858