CARD, EVALUE
Woodcutter, 0.5915492957746479
Gardens, 0.0
Festival, 0.5915492957746479
Smithy, 0.0
Village, 0.0
Market, 0.0
Laboratory, 0.0
Witch, 10.755441741357235
Bureaucrat, 10.755441741357235
Remodel, 0.0
Thief, 0.5915492957746479