CARD, EVALUE
Woodcutter, 0.5357142857142857
Gardens, 0.0
Festival, 0.5357142857142857
Moneylender, 0.0
Smithy, 0.0
Village, 0.0
Market, 0.0
Witch, 5.357142857142857
Bureaucrat, 8.035714285714286
Remodel, 0.0
Thief, 1.0714285714285714