CARD, EVALUE
Woodcutter, 0.6417910447761194
Gardens, 0.0
Festival, 1.2835820895522387
Moneylender, 0.0
Smithy, 0.0
Market, 0.0
Laboratory, 0.0
Witch, 10.210312075983717
Bureaucrat, 2.9172320217096335
Remodel, 0.0
Thief, 1.2835820895522387