CARD, EVALUE
Woodcutter, 0.5393258426966292
Gardens, 0.0
Festival, 2.157303370786517
Smithy, 0.0
Village, 0.0
Market, 0.0
Laboratory, 0.0
Witch, 5.393258426966292
Bureaucrat, 4.314606741573034
Remodel, 0.0
Thief, 1.0786516853932584