CARD, EVALUE
Woodcutter, 0.6323529411764706
Gardens, 0.0
Festival, 0.6323529411764706
Moneylender, 0.0
Smithy, 0.0
Market, 0.0
Laboratory, 0.0
Witch, 6.323529411764706
Bureaucrat, 9.485294117647058
Remodel, 0.0
Thief, 0.6323529411764706