CARD, EVALUE
Woodcutter, 0.5974025974025974
Gardens, 0.0
Festival, 2.987012987012987
Moneylender, 0.0
Smithy, 0.0
Village, 0.0
Market, 0.0
Witch, 6.78866587957497
Bureaucrat, 8.146399055489963
Remodel, 0.0
Thief, 1.1948051948051948