CARD, EVALUE
Woodcutter, 0.7424242424242424
Gardens, 0.0
Festival, 1.4848484848484849
Moneylender, 0.0
Smithy, 0.0
Village, 0.0
Laboratory, 0.0
Witch, 5.892255892255892
Bureaucrat, 14.14141414141414
Remodel, 0.0
Thief, 2.2272727272727275