CARD, EVALUE
Woodcutter, 0.6029411764705882
Gardens, 0.0
Festival, 1.2058823529411764
Smithy, 0.0
Village, 0.0
Market, 0.0
Laboratory, 0.0
Witch, 8.221925133689838
Bureaucrat, 2.740641711229946
Remodel, 0.0
Thief, 1.2058823529411764