CARD, EVALUE
Gardens, 0.6891891891891891
Festival, 0.0
Moneylender, 4.135135135135135
Smithy, 0.0
Village, 0.0
Market, 0.0
Laboratory, 0.0
Witch, 6.991774383078731
Bureaucrat, 5.99294947121034
Remodel, 0.0
Thief, 2.0675675675675675