CARD, EVALUE
Woodcutter, 0.5545454545454546
Gardens, 0.0
Festival, 2.772727272727273
Smithy, 0.0
Village, 0.0
Market, 0.0
Laboratory, 0.0
Witch, 4.461859979101359
Bureaucrat, 3.8244514106583076
Remodel, 0.0
Thief, 1.6636363636363636