CARD, EVALUE
Woodcutter, 0.6379310344827587
Gardens, 0.0
Festival, 0.6379310344827587
Moneylender, 0.0
Smithy, 3.5440613026819925
Village, 0.0
Market, 0.0
Laboratory, 0.6379310344827587
Bureaucrat, 14.17624521072797
Remodel, 0.0
Thief, 0.0