CARD, EVALUE
Woodcutter, 0.5844155844155844
Gardens, 0.0
Festival, 2.3376623376623376
Moneylender, 0.0
Village, 0.0
Market, 0.0
Laboratory, 0.0
Witch, 5.312868949232586
Bureaucrat, 0.0
Remodel, 0.0
Thief, 1.1688311688311688