CARD, EVALUE
Woodcutter, 0.5853658536585366
Gardens, 0.0
Festival, 1.7560975609756095
Moneylender, 0.0
Smithy, 0.0
Market, 0.0
Laboratory, 0.0
Witch, 7.024390243902438
Bureaucrat, 9.365853658536585
Remodel, 0.0
Thief, 1.170731707317073