CARD, EVALUE
Woodcutter, 0.5963302752293578
Gardens, 0.0
Festival, 2.9816513761467887
Moneylender, 0.0
Smithy, 0.0
Village, 0.0
Market, 0.0
Laboratory, 0.0
Witch, 8.22524517557735
Bureaucrat, 6.168933881683011
Remodel, 1.1926605504587156
Thief, 0.0