CARD, EVALUE
Woodcutter, 0.6486486486486487
Gardens, 0.0
Festival, 2.5945945945945947
Moneylender, 0.0
Smithy, 0.0
Village, 0.0
Market, 0.0
Laboratory, 0.0
Witch, 14.742014742014742
Bureaucrat, 11.793611793611793
Remodel, 0.6486486486486487
Thief, 0.0