CARD, EVALUE
Woodcutter, 0.6226415094339622
Festival, 0.0
Moneylender, 0.0
Smithy, 0.6226415094339622
Village, 0.0
Market, 0.0
Laboratory, 3.277060575968222
Witch, 6.554121151936444
Bureaucrat, 3.277060575968222
Remodel, 0.0
Thief, 1.2452830188679245