CARD, EVALUE
Gardens, 0.5212765957446809
Festival, 0.0
Moneylender, 2.0851063829787235
Smithy, 0.0
Village, 0.0
Market, 0.0
Laboratory, 0.0
Witch, 4.678123295144572
Bureaucrat, 8.019639934533553
Remodel, 0.0
Thief, 1.5638297872340425