CARD, EVALUE
Woodcutter, 0.5652173913043478
Gardens, 0.0
Festival, 2.260869565217391
Moneylender, 0.0
Smithy, 0.0
Village, 0.0
Laboratory, 0.0
Witch, 7.707509881422925
Bureaucrat, 5.138339920948616
Remodel, 0.0
Thief, 1.1304347826086956