CARD, EVALUE
Woodcutter, 0.6346153846153846
Gardens, 0.0
Moneylender, 0.0
Smithy, 0.0
Village, 0.0
Market, 0.0
Laboratory, 0.0
Witch, 8.350202429149798
Bureaucrat, 10.020242914979756
Remodel, 0.0
Thief, 1.2692307692307692