CARD, EVALUE
Woodcutter, 0.5454545454545454
Gardens, 0.0
Festival, 0.5454545454545454
Moneylender, 0.0
Village, 0.0
Market, 0.0
Laboratory, 0.0
Witch, 6.8181818181818175
Bureaucrat, 8.181818181818182
Remodel, 0.0
Thief, 1.0909090909090908