CARD, EVALUE
Woodcutter, 0.6621621621621622
Festival, 0.0
Moneylender, 0.0
Smithy, 0.0
Village, 0.0
Market, 0.0
Laboratory, 0.0
Witch, 8.277027027027026
Bureaucrat, 11.036036036036036
Remodel, 0.0
Thief, 1.3243243243243243