CARD, EVALUE
Woodcutter, 0.5584415584415584
Gardens, 0.0
Festival, 2.2337662337662336
Moneylender, 0.0
Village, 0.0
Market, 0.0
Laboratory, 0.0
Witch, 4.046677959721437
Bureaucrat, 7.284020327498587
Remodel, 0.0
Thief, 1.675324675324675