CARD, EVALUE
Woodcutter, 0.6081081081081081
Gardens, 0.0
Festival, 2.4324324324324325
Moneylender, 0.0
Smithy, 0.0
Village, 0.0
Market, 0.0
Witch, 5.528255528255528
Bureaucrat, 5.528255528255528
Remodel, 0.0
Thief, 1.2162162162162162