CARD, EVALUE
Woodcutter, 0.7222222222222222
Gardens, 0.0
Festival, 2.888888888888889
Moneylender, 0.0
Smithy, 0.0
Village, 0.0
Market, 0.0
Laboratory, 0.0
Witch, 6.878306878306878
Bureaucrat, 13.756613756613756
Remodel, 1.4444444444444444