CARD, EVALUE
Woodcutter, 0.5948275862068966
Gardens, 0.0
Festival, 3.5689655172413794
Moneylender, 0.0
Smithy, 0.0
Village, 0.0
Laboratory, 1.7844827586206897
Witch, 6.430568499534017
Bureaucrat, 9.645852749301026
Remodel, 0.0
Thief, 1.1896551724137931