CARD, EVALUE
Woodcutter, 0.7166666666666667
Gardens, 0.0
Festival, 0.0
Moneylender, 0.0
Smithy, 0.0
Village, 0.0
Market, 0.0
Witch, 8.531746031746032
Bureaucrat, 6.825396825396826
Remodel, 0.0
Thief, 1.4333333333333333