CARD, EVALUE
Woodcutter, 0.5979381443298969
Gardens, 0.0
Festival, 1.7938144329896906
Moneylender, 0.0
Smithy, 0.0
Market, 0.0
Laboratory, 0.0
Witch, 8.049167327517843
Bureaucrat, 6.899286280729579
Remodel, 0.0
Thief, 1.1958762886597938