CARD, EVALUE
Woodcutter, 0.5970149253731343
Gardens, 0.0
Moneylender, 0.0
Smithy, 0.0
Village, 0.0
Market, 0.0
Laboratory, 0.0
Witch, 10.854816824966077
Bureaucrat, 10.854816824966077
Remodel, 0.0
Thief, 0.5970149253731343