CARD, EVALUE
Woodcutter, 0.7058823529411765
Festival, 0.0
Moneylender, 0.0
Smithy, 0.0
Village, 0.0
Market, 0.0
Laboratory, 0.0
Witch, 13.003095975232199
Bureaucrat, 11.145510835913312
Remodel, 0.0
Thief, 1.411764705882353