CARD, EVALUE
Woodcutter, 0.5192307692307693
Festival, 0.0
Moneylender, 0.0
Smithy, 0.0
Village, 0.0
Market, 0.0
Laboratory, 0.0
Witch, 3.89423076923077
Bureaucrat, 5.1923076923076925
Remodel, 0.0
Thief, 1.0384615384615385