CARD, EVALUE
Woodcutter, 0.6447368421052632
Gardens, 0.0
Festival, 1.9342105263157894
Smithy, 0.0
Village, 0.0
Market, 0.0
Laboratory, 0.0
Witch, 5.861244019138756
Bureaucrat, 11.722488038277511
Remodel, 0.0
Thief, 1.2894736842105263