CARD, EVALUE
Woodcutter, 0.6271186440677966
Gardens, 0.0
Festival, 0.6271186440677966
Moneylender, 0.0
Smithy, 0.0
Village, 0.0
Market, 0.0
Laboratory, 0.0
Witch, 7.838983050847458
Bureaucrat, 6.271186440677965
Remodel, 1.2542372881355932