CARD, EVALUE
Woodcutter, 0.5578947368421052
Gardens, 0.0
Festival, 3.3473684210526313
Moneylender, 0.0
Smithy, 0.0
Village, 0.0
Market, 0.0
Laboratory, 0.5578947368421052
Bureaucrat, 9.298245614035087
Remodel, 0.0
Thief, 0.0