CARD, EVALUE
Woodcutter, 0.6627906976744186
Gardens, 0.0
Festival, 1.9883720930232558
Moneylender, 0.0
Smithy, 0.0
Market, 0.0
Laboratory, 0.0
Witch, 6.90406976744186
Bureaucrat, 8.284883720930232
Remodel, 0.0
Thief, 1.3255813953488371