CARD, EVALUE
Woodcutter, 0.6724137931034483
Gardens, 0.0
Festival, 1.3448275862068966
Moneylender, 0.0
Smithy, 0.0
Village, 0.0
Market, 0.0
Laboratory, 0.0
Witch, 8.96551724137931
Bureaucrat, 10.086206896551724
Thief, 2.0172413793103448