CARD, EVALUE
Woodcutter, 0.6022727272727273
Gardens, 0.0
Festival, 2.409090909090909
Moneylender, 0.0
Smithy, 0.0
Village, 0.0
Market, 0.0
Laboratory, 0.0
Witch, 8.431818181818182
Bureaucrat, 7.227272727272728
Remodel, 1.2045454545454546