CARD, EVALUE
Gardens, 0.5862068965517241
Festival, 0.0
Moneylender, 0.5862068965517241
Smithy, 0.0
Village, 0.0
Market, 0.0
Laboratory, 0.0
Witch, 9.25589836660617
Bureaucrat, 6.17059891107078
Remodel, 0.0
Thief, 0.5862068965517241