CARD, EVALUE
Woodcutter, 0.6233766233766234
Gardens, 0.0
Festival, 1.2467532467532467
Moneylender, 0.0
Smithy, 0.0
Village, 0.0
Market, 0.0
Laboratory, 0.0
Witch, 6.775832862789385
Bureaucrat, 2.7103331451157535
Remodel, 1.2467532467532467
Thief, 0.0