CARD, EVALUE
Woodcutter, 0.5679012345679012
Gardens, 0.0
Festival, 2.271604938271605
Moneylender, 0.0
Smithy, 0.0
Village, 0.0
Market, 0.0
Witch, 7.098765432098765
Bureaucrat, 4.732510288065844
Remodel, 0.0
Thief, 1.1358024691358024