CARD, EVALUE
Woodcutter, 0.7377049180327869
Gardens, 0.0
Festival, 0.7377049180327869
Moneylender, 0.0
Smithy, 0.0
Village, 0.0
Market, 0.0
Witch, 9.221311475409836
Bureaucrat, 3.6885245901639343
Remodel, 0.0
Thief, 1.4754098360655739