CARD, EVALUE
Woodcutter, 0.6132075471698113
Gardens, 0.0
Festival, 1.8396226415094339
Moneylender, 0.0
Smithy, 0.0
Village, 0.0
Market, 0.0
Laboratory, 0.0
Witch, 5.677847658979735
Bureaucrat, 9.084556254367575
Remodel, 1.2264150943396226