CARD, EVALUE
Woodcutter, 0.6923076923076923
Gardens, 0.0
Festival, 0.6923076923076923
Moneylender, 0.0
Smithy, 0.0
Village, 0.0
Market, 0.0
Laboratory, 0.0
Witch, 6.923076923076923
Bureaucrat, 6.923076923076923
Remodel, 1.3846153846153846
Thief, 0.0