CARD, EVALUE
Woodcutter, 0.5967741935483871
Gardens, 0.0
Festival, 0.0
Moneylender, 0.0
Smithy, 0.0
Village, 0.0
Market, 0.0
Laboratory, 0.0
Witch, 7.104454685099847
Bureaucrat, 5.683563748079877
Thief, 1.1935483870967742