CARD, EVALUE
Woodcutter, 0.5652173913043478
Gardens, 0.0
Festival, 1.6956521739130435
Moneylender, 0.0
Smithy, 0.0
Market, 0.0
Laboratory, 0.0
Witch, 8.639751552795031
Bureaucrat, 5.383022774327122
Remodel, 0.0
Thief, 0.5652173913043478