CARD, EVALUE
Woodcutter, 0.5714285714285714
Gardens, 0.0
Festival, 1.1428571428571428
Moneylender, 0.0
Smithy, 4.511278195488721
Village, 0.0
Market, 0.0
Laboratory, 1.1428571428571428
Bureaucrat, 9.022556390977442
Remodel, 0.0
Thief, 0.0