CARD, EVALUE
Woodcutter, 0.5795454545454546
Gardens, 0.0
Festival, 3.4772727272727275
Moneylender, 0.0
Smithy, 0.0
Village, 0.0
Market, 0.0
Witch, 4.636363636363637
Bureaucrat, 9.272727272727273
Remodel, 0.0
Thief, 1.1590909090909092