CARD, EVALUE
Woodcutter, 0.6164383561643836
Gardens, 0.0
Festival, 3.082191780821918
Moneylender, 0.0
Smithy, 0.0
Village, 0.0
Market, 0.0
Laboratory, 0.0
Witch, 7.338551859099805
Bureaucrat, 11.741682974559687
Thief, 1.2328767123287672