CARD, EVALUE
Woodcutter, 0.6145833333333334
Gardens, 0.0
Festival, 2.4583333333333335
Moneylender, 0.0
Smithy, 0.0
Village, 0.0
Market, 0.0
Laboratory, 0.0
Witch, 10.596264367816092
Bureaucrat, 8.477011494252874
Remodel, 1.2291666666666667