CARD, EVALUE
Woodcutter, 0.5333333333333333
Gardens, 0.0
Moneylender, 1.6
Smithy, 0.0
Village, 0.0
Market, 0.0
Laboratory, 0.0
Witch, 4.63768115942029
Bureaucrat, 4.63768115942029
Remodel, 0.0
Thief, 1.0666666666666667