CARD, EVALUE
Woodcutter, 0.5660377358490566
Gardens, 0.0
Festival, 0.0
Smithy, 0.0
Village, 0.0
Market, 0.0
Laboratory, 0.0
Witch, 11.916583912611719
Bureaucrat, 5.958291956305859
Remodel, 0.0
Thief, 0.5660377358490566