CARD, EVALUE
Woodcutter, 1.1743119266055047
Gardens, 0.5871559633027523
Festival, 2.9357798165137616
Moneylender, 0.0
Smithy, 0.0
Village, 0.0
Market, 0.5871559633027523
Witch, 5.180787911494873
Bureaucrat, 3.453858607663249
Remodel, 0.0
Thief, 1.761467889908257