CARD, EVALUE
Woodcutter, 0.5922330097087378
Gardens, 0.0
Festival, 1.7766990291262135
Smithy, 0.0
Village, 0.0
Market, 0.0
Laboratory, 0.0
Witch, 6.345353675450763
Bureaucrat, 2.115117891816921
Remodel, 0.0
Thief, 1.1844660194174756