CARD, EVALUE
Woodcutter, 0.6133333333333333
Gardens, 0.0
Festival, 1.8399999999999999
Moneylender, 0.0
Smithy, 2.9206349206349205
Village, 0.0
Market, 0.0
Laboratory, 0.6133333333333333
Bureaucrat, 11.682539682539682
Remodel, 0.0
Thief, 0.0