CARD, EVALUE
Woodcutter, 0.5915492957746479
Gardens, 0.0
Festival, 1.1830985915492958
Moneylender, 0.0
Smithy, 0.0
Village, 0.0
Market, 0.0
Witch, 5.633802816901409
Bureaucrat, 8.450704225352112
Remodel, 0.0
Thief, 0.5915492957746479