CARD, EVALUE
Woodcutter, 0.5333333333333333
Gardens, 0.0
Festival, 0.5333333333333333
Moneylender, 0.0
Smithy, 0.0
Village, 0.0
Laboratory, 0.0
Witch, 9.27536231884058
Bureaucrat, 0.0
Remodel, 0.0
Thief, 0.5333333333333333