CARD, EVALUE
Woodcutter, 0.6835443037974683
Gardens, 0.0
Festival, 3.4177215189873418
Moneylender, 0.0
Smithy, 0.0
Village, 0.0
Laboratory, 0.0
Witch, 15.535097813578828
Bureaucrat, 9.321058688147295
Remodel, 0.0
Thief, 0.6835443037974683