CARD, EVALUE
Woodcutter, 0.6363636363636364
Gardens, 0.0
Festival, 2.5454545454545454
Moneylender, 0.0
Smithy, 0.0
Village, 0.0
Market, 0.0
Laboratory, 0.0
Witch, 7.231404958677685
Bureaucrat, 5.785123966942149
Remodel, 1.2727272727272727