CARD, EVALUE
Woodcutter, 0.7205882352941176
Gardens, 0.0
Festival, 2.161764705882353
Moneylender, 0.0
Smithy, 0.0
Market, 0.0
Laboratory, 0.0
Witch, 13.725490196078432
Bureaucrat, 6.862745098039216
Remodel, 0.0
Thief, 1.4411764705882353