CARD, EVALUE
Woodcutter, 0.5128205128205128
Gardens, 0.0
Festival, 2.564102564102564
Moneylender, 0.0
Smithy, 0.0
Village, 0.0
Market, 0.0
Laboratory, 0.0
Witch, 5.3418803418803416
Bureaucrat, 6.41025641025641
Remodel, 1.0256410256410255