CARD, EVALUE
Woodcutter, 0.6323529411764706
Festival, 0.0
Moneylender, 0.0
Smithy, 0.0
Village, 0.0
Market, 0.0
Laboratory, 0.0
Witch, 5.498721227621483
Bureaucrat, 5.498721227621483
Remodel, 0.0
Thief, 1.8970588235294117