CARD, EVALUE
Woodcutter, 0.6052631578947368
Festival, 0.0
Moneylender, 0.0
Smithy, 0.0
Village, 0.0
Market, 0.0
Laboratory, 0.0
Witch, 9.68421052631579
Bureaucrat, 4.842105263157895
Remodel, 0.0
Thief, 1.2105263157894737