CARD, EVALUE
Woodcutter, 0.5084745762711864
Gardens, 0.0
Festival, 0.5084745762711864
Moneylender, 0.0
Smithy, 0.0
Village, 0.0
Market, 0.0
Laboratory, 0.0
Witch, 4.842615012106537
Bureaucrat, 7.263922518159806
Remodel, 1.0169491525423728