CARD, EVALUE
Woodcutter, 0.6153846153846154
Gardens, 0.0
Festival, 0.0
Smithy, 0.0
Village, 0.0
Market, 0.0
Laboratory, 0.0
Witch, 6.993006993006993
Bureaucrat, 2.797202797202797
Remodel, 0.0
Thief, 1.2307692307692308