CARD, EVALUE
Woodcutter, 0.6753246753246753
Gardens, 0.0
Festival, 2.025974025974026
Moneylender, 0.0
Smithy, 0.0
Village, 0.0
Market, 0.0
Laboratory, 0.0
Witch, 14.680971202710333
Bureaucrat, 8.808582721626202
Thief, 0.6753246753246753