CARD, EVALUE
Woodcutter, 0.6043956043956044
Gardens, 0.0
Festival, 2.4175824175824174
Moneylender, 0.0
Smithy, 0.0
Village, 0.0
Market, 0.0
Laboratory, 0.0
Witch, 8.136094674556213
Bureaucrat, 6.973795435333896
Remodel, 1.2087912087912087