CARD, EVALUE
Woodcutter, 0.0
Gardens, 0.0
Festival, 0.5909090909090909
Moneylender, 0.0
Smithy, 5.627705627705628
Village, 0.0
Market, 0.0
Laboratory, 0.5909090909090909
Witch, 8.441558441558444
Remodel, 0.0
Thief, 1.1818181818181819