CARD, EVALUE
Woodcutter, 0.5555555555555556
Festival, 0.0
Moneylender, 0.0
Smithy, 0.5555555555555556
Village, 0.0
Market, 0.0
Laboratory, 5.291005291005291
Witch, 2.6455026455026456
Bureaucrat, 7.936507936507938
Remodel, 0.0
Thief, 0.5555555555555556