CARD, EVALUE
Woodcutter, 0.6410256410256411
Gardens, 0.0
Festival, 1.2820512820512822
Moneylender, 0.0
Smithy, 0.0
Market, 0.0
Laboratory, 0.0
Witch, 6.677350427350428
Bureaucrat, 10.683760683760685
Remodel, 0.0
Thief, 1.2820512820512822