CARD, EVALUE
Woodcutter, 0.6065573770491803
Gardens, 0.0
Festival, 1.819672131147541
Moneylender, 0.0
Village, 0.0
Market, 0.0
Laboratory, 0.0
Witch, 11.028315946348734
Bureaucrat, 2.7570789865871834
Remodel, 0.0
Thief, 1.2131147540983607