CARD, EVALUE
Woodcutter, 0.6774193548387096
Gardens, 0.0
Festival, 0.6774193548387096
Moneylender, 0.0
Village, 0.0
Market, 0.0
Laboratory, 0.0
Witch, 11.29032258064516
Bureaucrat, 16.129032258064516
Remodel, 0.0
Thief, 1.3548387096774193