CARD, EVALUE
Woodcutter, 0.639344262295082
Gardens, 0.0
Festival, 1.278688524590164
Moneylender, 0.0
Smithy, 0.0
Village, 0.0
Market, 0.0
Laboratory, 0.0
Witch, 7.991803278688526
Bureaucrat, 9.59016393442623
Thief, 1.278688524590164