CARD, EVALUE
Bureaucrat, 6.321637426900584
Festival, 0.0
Gardens, 3.833333333333333
Laboratory, 0.6388888888888888
Market, 0.0
Moneylender, 0.0
Remodel, 0.0
Smithy, 0.0
Thief, 0.6388888888888888
Village, 0.6388888888888888
Witch, 9.684210526315788
Woodcutter, 1.2777777777777777