CARD, EVALUE
Woodcutter, 0.6730769230769231
Gardens, 0.0
Festival, 0.6730769230769231
Moneylender, 0.0
Smithy, 0.0
Village, 0.0
Market, 0.0
Laboratory, 0.0
Witch, 12.398785425101215
Bureaucrat, 0.0
Thief, 1.3461538461538463