CARD, EVALUE
Woodcutter, 0.5514018691588785
Gardens, 0.0
Festival, 2.7570093457943923
Moneylender, 0.0
Smithy, 0.0
Village, 0.0
Market, 0.0
Laboratory, 0.0
Witch, 6.654850145020946
Bureaucrat, 7.605543022881083
Remodel, 1.102803738317757