CARD, EVALUE
Woodcutter, 0.6880733944954128
Gardens, 0.0
Festival, 4.81651376146789
Moneylender, 0.0
Village, 0.0
Market, 0.0
Laboratory, 0.0
Witch, 8.600917431192661
Bureaucrat, 9.82961992136304
Remodel, 0.0
Thief, 1.3761467889908257