CARD, EVALUE
Woodcutter, 0.5104166666666666
Gardens, 0.0
Festival, 2.0416666666666665
Moneylender, 0.0
Smithy, 0.0
Village, 0.0
Laboratory, 0.0
Witch, 7.561728395061727
Bureaucrat, 3.7808641975308634
Remodel, 0.0
Thief, 1.0208333333333333