CARD, EVALUE
Woodcutter, 0.7164179104477612
Gardens, 0.0
Festival, 0.0
Moneylender, 0.0
Smithy, 0.0
Village, 0.0
Market, 0.0
Laboratory, 0.0
Witch, 13.025780189959294
Bureaucrat, 9.76933514246947
Remodel, 1.4328358208955223