CARD, EVALUE
Woodcutter, 0.5357142857142857
Gardens, 0.0
Festival, 0.5357142857142857
Moneylender, 0.0
Smithy, 0.0
Village, 0.0
Laboratory, 0.0
Witch, 5.1020408163265305
Bureaucrat, 0.0
Remodel, 0.0
Thief, 1.0714285714285714