CARD, EVALUE
Woodcutter, 0.5238095238095238
Gardens, 0.0
Festival, 0.5238095238095238
Moneylender, 0.0
Smithy, 0.0
Village, 0.0
Market, 0.0
Laboratory, 0.0
Witch, 3.7414965986394564
Bureaucrat, 7.482993197278913
Remodel, 1.0476190476190477
Thief, 0.0