CARD, EVALUE
Woodcutter, 0.5425531914893617
Gardens, 0.0
Festival, 2.1702127659574466
Moneylender, 0.0
Smithy, 0.0
Village, 0.0
Laboratory, 0.0
Witch, 6.260229132569559
Bureaucrat, 4.173486088379705
Remodel, 0.0
Thief, 0.5425531914893617