CARD, EVALUE
Woodcutter, 0.6213592233009708
Gardens, 0.0
Festival, 1.8640776699029125
Smithy, 0.0
Village, 0.0
Market, 0.0
Laboratory, 0.0
Witch, 6.903991370010787
Bureaucrat, 9.20532182668105
Remodel, 0.0
Thief, 1.2427184466019416