CARD, EVALUE
Woodcutter, 0.6451612903225806
Gardens, 0.0
Festival, 0.6451612903225806
Moneylender, 0.0
Smithy, 0.0
Market, 0.0
Laboratory, 0.0
Witch, 3.225806451612903
Bureaucrat, 6.451612903225806
Remodel, 0.0
Thief, 1.2903225806451613