CARD, EVALUE
Woodcutter, 0.5714285714285714
Gardens, 0.0
Festival, 1.7142857142857142
Moneylender, 0.0
Smithy, 3.007518796992481
Village, 0.0
Market, 0.0
Laboratory, 1.1428571428571428
Bureaucrat, 12.030075187969924
Remodel, 0.0
Thief, 0.0