CARD, EVALUE
Woodcutter, 0.5714285714285714
Gardens, 0.0
Festival, 2.8571428571428568
Moneylender, 0.0
Smithy, 0.0
Village, 0.0
Market, 0.0
Laboratory, 0.0
Witch, 7.453416149068323
Bureaucrat, 4.968944099378882
Remodel, 0.5714285714285714
Thief, 0.0