CARD, EVALUE
Gardens, 0.6268656716417911
Festival, 0.0
Moneylender, 0.6268656716417911
Smithy, 0.0
Village, 0.0
Market, 0.0
Laboratory, 0.0
Witch, 7.12347354138399
Bureaucrat, 2.849389416553596
Remodel, 0.0
Thief, 1.2537313432835822