CARD, EVALUE
Gardens, 0.5903614457831325
Festival, 0.0
Moneylender, 2.951807228915663
Smithy, 0.0
Village, 0.0
Market, 0.0
Laboratory, 0.0
Witch, 6.844770385891392
Bureaucrat, 7.7003666841278156
Remodel, 0.0
Thief, 1.7710843373493976