CARD, EVALUE
Gardens, 0.5405405405405406
Festival, 0.0
Moneylender, 1.0810810810810811
Smithy, 0.0
Village, 0.0
Market, 0.0
Laboratory, 0.0
Witch, 5.875440658049354
Bureaucrat, 7.050528789659224
Remodel, 0.0
Thief, 1.0810810810810811