CARD, EVALUE
Woodcutter, 0.6282051282051282
Gardens, 0.0
Festival, 3.141025641025641
Moneylender, 0.0
Smithy, 0.0
Market, 0.0
Laboratory, 0.0
Witch, 9.994172494172494
Bureaucrat, 11.421911421911423
Remodel, 0.0
Thief, 1.2564102564102564