CARD, EVALUE
Woodcutter, 0.5670103092783505
Gardens, 0.0
Moneylender, 2.8350515463917523
Smithy, 0.0
Village, 0.0
Market, 0.0
Laboratory, 0.0
Witch, 4.9000890925289555
Bureaucrat, 8.400152730049637
Remodel, 0.0
Thief, 1.7010309278350515