CARD, EVALUE
Woodcutter, 0.6197183098591549
Gardens, 0.0
Moneylender, 1.8591549295774645
Smithy, 0.0
Village, 0.0
Market, 0.0
Laboratory, 0.0
Witch, 8.85311871227364
Bureaucrat, 8.85311871227364
Remodel, 0.0
Thief, 0.6197183098591549