CARD, EVALUE
Woodcutter, 0.6153846153846154
Gardens, 0.0
Festival, 1.2307692307692308
Moneylender, 0.0
Smithy, 0.0
Village, 0.0
Market, 0.0
Laboratory, 0.0
Witch, 4.013377926421405
Bureaucrat, 8.02675585284281
Remodel, 1.2307692307692308