CARD, EVALUE
Woodcutter, 0.547945205479452
Gardens, 0.0
Festival, 1.095890410958904
Moneylender, 0.0
Smithy, 5.218525766470972
Village, 0.0
Market, 0.0
Laboratory, 0.547945205479452
Bureaucrat, 7.8277886497064575
Remodel, 0.0
Thief, 0.0