CARD, EVALUE
Woodcutter, 0.6296296296296297
Gardens, 0.0
Festival, 2.5185185185185186
Moneylender, 0.0
Smithy, 0.0
Village, 0.0
Market, 0.0
Laboratory, 0.0
Witch, 4.1062801932367154
Bureaucrat, 5.475040257648954
Remodel, 1.2592592592592593
Thief, 0.0