CARD, EVALUE
Woodcutter, 0.5641025641025641
Gardens, 0.0
Moneylender, 1.6923076923076923
Smithy, 0.0
Village, 0.0
Market, 0.0
Laboratory, 0.0
Witch, 4.9052396878483835
Bureaucrat, 7.357859531772575
Remodel, 0.0
Thief, 0.5641025641025641