CARD, EVALUE
Woodcutter, 0.6842105263157895
Gardens, 0.0
Festival, 1.368421052631579
Moneylender, 0.0
Smithy, 0.0
Village, 0.0
Market, 0.0
Laboratory, 0.0
Witch, 10.803324099722992
Bureaucrat, 14.40443213296399
Remodel, 1.368421052631579
Thief, 0.0