CARD, EVALUE
Woodcutter, 0.5757575757575758
Gardens, 0.0
Festival, 1.7272727272727275
Moneylender, 0.0
Smithy, 0.0
Village, 0.0
Laboratory, 0.0
Witch, 7.463524130190796
Bureaucrat, 10.662177328843995
Remodel, 0.0
Thief, 1.1515151515151516