CARD, EVALUE
Woodcutter, 0.5294117647058824
Gardens, 0.0
Festival, 1.0588235294117647
Moneylender, 0.0
Smithy, 0.0
Village, 0.0
Market, 0.0
Witch, 10.155080213903743
Bureaucrat, 7.219251336898397
Remodel, 0.0
Thief, 0.5294117647058824