CARD, EVALUE
Woodcutter, 0.6538461538461539
Gardens, 0.0
Festival, 3.269230769230769
Moneylender, 0.0
Smithy, 0.0
Village, 0.0
Market, 0.0
Witch, 8.916083916083917
Bureaucrat, 5.944055944055944
Remodel, 0.0
Thief, 1.3076923076923077