CARD, EVALUE
Woodcutter, 0.5892857142857143
Gardens, 0.0
Festival, 1.1785714285714286
Moneylender, 0.0
Village, 0.0
Market, 0.0
Laboratory, 0.0
Witch, 7.366071428571429
Bureaucrat, 5.892857142857142
Remodel, 0.0
Thief, 1.1785714285714286